{"cameraMode":{"drawMode":0,"name":"Shaded","section":"Shading Mode"},"sceneLighting":false,"audioPlay":false,"sceneViewState":{"showFog":false,"showMaterialUpdate":false,"showSkybox":false,"showFlares":true,"showImageEffects":true,"showParticleSystems":true},"in2DMode":false,"pivot":{"x":0.0010117888450622559,"y":0.7975345849990845,"z":0.018967755138874055},"rotation":{"x":0.000281517073744908,"y":-0.41869303584098818,"z":0.000129555759485811,"w":0.9081297516822815},"size":1.0711158514022828,"orthographic":false}