{"cameraMode":{"drawMode":0,"name":"Shaded","section":"Shading Mode"},"sceneLighting":true,"audioPlay":false,"sceneViewState":{"showFog":false,"showMaterialUpdate":false,"showSkybox":true,"showFlares":true,"showImageEffects":true,"showParticleSystems":true},"in2DMode":false,"pivot":{"x":-477.4028015136719,"y":-10.257408142089844,"z":-26.520118713378908},"rotation":{"x":0.5038723945617676,"y":-0.12478451430797577,"z":0.0738397166132927,"w":0.8515371084213257},"size":41.25568771362305,"orthographic":false}