{"cameraMode":{"drawMode":0,"name":"Shaded","section":"Shading Mode"},"sceneLighting":false,"audioPlay":false,"sceneViewState":{"showFog":false,"showMaterialUpdate":false,"showSkybox":false,"showFlares":true,"showImageEffects":true,"showParticleSystems":true},"in2DMode":false,"pivot":{"x":-0.0028033554553985597,"y":0.8079311847686768,"z":0.019458338618278505},"rotation":{"x":0.000281517073744908,"y":-0.41869303584098818,"z":0.000129555759485811,"w":0.9081297516822815},"size":1.050980806350708,"orthographic":false}