{"cameraMode":{"drawMode":0,"name":"Shaded","section":"Shading Mode"},"sceneLighting":false,"audioPlay":false,"sceneViewState":{"showFog":false,"showMaterialUpdate":false,"showSkybox":false,"showFlares":true,"showImageEffects":true,"showParticleSystems":true},"in2DMode":false,"pivot":{"x":0.15611055493354798,"y":0.010463744401931763,"z":0.19511879980564118},"rotation":{"x":0.000281517073744908,"y":-0.41869303584098818,"z":0.000129555759485811,"w":0.9081297516822815},"size":9.901201248168946,"orthographic":false}